firstname,lastname,email
Theodore,Hinton,elit@google.couk
Fallon,Bright,mauris.sit.amet@google.net
Bell,Noble,ut.cursus.luctus@yahoo.couk
Jessamine,Mccarthy,facilisis@icloud.com
Maxine,Franklin,non@outlook.com
Asher,Poole,vulputate.eu.odio@hotmail.org
Mercedes,Vazquez,urna@icloud.net
Summer,Underwood,at.libero@outlook.edu
Reuben,Fulton,dolor.elit.pellentesque@icloud.couk
Upton,Nichols,rutrum@aol.net
Leroy,Allen,massa.mauris.vestibulum@protonmail.edu
Hayes,Myers,congue@outlook.edu
Kay,Mayer,vitae.nibh@outlook.edu
Wade,Hoover,erat@hotmail.com
Risa,Morse,quisque.purus@aol.com
Jackson,Holmes,leo@aol.edu
Kristen,Lott,eu.accumsan@aol.couk
Bianca,Murphy,diam.at@google.org
Dahlia,Pearson,diam.sed@outlook.edu
Ira,Walsh,quis.pede@google.couk
Daria,Woods,faucibus.morbi@aol.ca
Josephine,Huffman,viverra@yahoo.net
Kylee,Serrano,nunc@aol.net
Hope,Ware,dolor@yahoo.com
Alfonso,Foley,pellentesque.ut@yahoo.org
Chaney,Woods,quis.turpis@aol.org
Miriam,Ayers,vitae@hotmail.edu
Levi,Guzman,duis@icloud.net
Sierra,Lopez,phasellus.at.augue@hotmail.com
Judah,Nielsen,sed.dui@yahoo.edu
Thor,Daniels,lobortis@aol.com
Chaney,Mcconnell,enim.suspendisse@google.net
Shoshana,Castro,enim@icloud.org
Edan,Hudson,enim.non.nisi@outlook.ca
Abel,Strickland,quam.a@yahoo.org
Willa,Walton,dui.cras@hotmail.com
Arthur,Burns,dui.nec.tempus@icloud.org
Sylvester,Santana,ut@yahoo.com
Eleanor,Blackburn,pede.praesent.eu@yahoo.net
Reese,Lopez,quam.quis@outlook.com
Kimberly,Munoz,integer.urna@outlook.ca
Quail,Bray,enim.condimentum@yahoo.edu
Zelda,Mcclain,et.lacinia.vitae@protonmail.ca
Leilani,Doyle,fusce.mollis@google.net
Jameson,Sweeney,nibh.lacinia@aol.ca
Leandra,Lott,mauris.ut.quam@google.com
Farrah,Miranda,donec@aol.org
Quynn,Steele,congue.elit@yahoo.net
Deacon,Velez,vehicula.risus@icloud.couk
Germaine,Benson,aliquam.nisl.nulla@icloud.com
April,Abbott,auctor@hotmail.com
Anthony,Carpenter,tristique.pellentesque@hotmail.net
Garth,Perry,fermentum@hotmail.ca
Basia,Espinoza,malesuada.fringilla.est@yahoo.net
Price,Boyd,aenean.massa@protonmail.ca
Teagan,Robertson,pretium.neque.morbi@yahoo.couk
Jakeem,George,tempor.augue@hotmail.ca
Tara,Gibbs,lacus.aliquam@protonmail.ca
Stella,Dale,sollicitudin@outlook.net
Yuri,Hancock,ut@hotmail.org
Colorado,Ray,sodales@aol.net
Wyoming,Woodard,sed.eget@hotmail.com
Mona,Gibson,in.tincidunt.congue@aol.net
Dawn,Armstrong,amet@hotmail.org
Erica,Hood,quam@google.net
Ivory,Rice,purus.nullam.scelerisque@google.edu
Gage,Williams,vitae.nibh@hotmail.couk
Octavia,Farley,consectetuer.mauris@hotmail.ca
Alana,Vargas,litora.torquent@yahoo.couk
Ria,Hawkins,consectetuer.adipiscing.elit@aol.edu
Rana,Walton,gravida.sit@icloud.com
Eleanor,Golden,erat.vel.pede@google.couk
Elizabeth,Hill,amet.metus.aliquam@yahoo.com
Vanna,Bentley,in.felis@protonmail.couk
Steel,Hutchinson,dis.parturient.montes@protonmail.ca
Zephr,Patterson,quam.curabitur@protonmail.org
Melyssa,Short,eros@icloud.couk
Keely,Schultz,quis.pede@yahoo.com
Stephen,Montgomery,adipiscing.elit.aliquam@icloud.com
Stacey,Barr,aliquam.erat@aol.com
Keegan,Carver,mi@google.com
Shaeleigh,Moody,blandit.nam.nulla@yahoo.org
Chava,Sykes,lectus.sit@protonmail.edu
Fleur,Fox,quam.vel.sapien@google.net
Jennifer,Keith,metus.aliquam@outlook.couk
Maxwell,Delacruz,nulla.facilisi@protonmail.couk
Eric,Ramirez,euismod.in@google.org
Victor,Washington,arcu@yahoo.couk
Felix,Payne,lobortis.ultrices.vivamus@protonmail.net
Lana,Horton,vitae.semper@protonmail.net
Gabriel,Knapp,augue.id@google.org
Quintessa,Armstrong,tellus@hotmail.couk
Sydney,Church,odio@outlook.ca
Zephr,Dominguez,donec.elementum.lorem@yahoo.com
Willa,Hampton,tristique@yahoo.org
Imelda,Head,vitae@outlook.ca
Sydnee,Rowland,nec.cursus.a@hotmail.edu
Abigail,Mills,cursus.et@yahoo.ca
Chester,Jennings,vitae@outlook.ca
Joshua,Witt,sem.pellentesque@aol.net
