firstname,lastname,phone,email,time,date
Theodore,Hinton,1-514-653-8189,elit@google.couk,10:41 PM,Ap #191-8773 Fusce Street
Fallon,Bright,1-621-781-4547,mauris.sit.amet@google.net,7:49 AM,Ap #784-3755 Quam. Rd.
Bell,Noble,(963) 527-8286,ut.cursus.luctus@yahoo.couk,7:51 AM,452-9454 Fermentum St.
Jessamine,Mccarthy,(157) 705-3632,facilisis@icloud.com,11:13 PM,"5109 Posuere, Ave"
Maxine,Franklin,1-364-757-2536,non@outlook.com,2:39 AM,511-9993 A Rd.
Asher,Poole,1-539-683-7245,vulputate.eu.odio@hotmail.org,5:05 PM,"P.O. Box 962, 666 Quam. Rd."
Mercedes,Vazquez,(226) 627-3069,urna@icloud.net,3:47 PM,"P.O. Box 864, 8296 Quisque St."
Summer,Underwood,(296) 353-2484,at.libero@outlook.edu,11:51 AM,"174-6737 Magna, St."
Reuben,Fulton,(885) 886-3338,dolor.elit.pellentesque@icloud.couk,7:35 AM,Ap #669-7234 Sodales Av.
Upton,Nichols,1-957-733-7463,rutrum@aol.net,7:02 PM,"616-3305 Pede, Ave"
Leroy,Allen,(866) 287-3661,massa.mauris.vestibulum@protonmail.edu,5:06 AM,705-4428 Bibendum. Ave
Hayes,Myers,1-356-468-4541,congue@outlook.edu,9:31 PM,Ap #518-881 Dolor. Avenue
Kay,Mayer,(646) 583-6032,vitae.nibh@outlook.edu,2:19 AM,918-2429 Sed Avenue
Wade,Hoover,1-507-682-8957,erat@hotmail.com,10:59 PM,"Ap #117-7594 Vel, Rd."
Risa,Morse,(570) 701-4381,quisque.purus@aol.com,10:06 AM,212-242 Blandit Ave
Jackson,Holmes,(747) 530-8784,leo@aol.edu,1:18 AM,"269 Dui, Street"
Kristen,Lott,1-776-274-1423,eu.accumsan@aol.couk,9:07 AM,Ap #305-9629 Vel Street
Bianca,Murphy,1-413-357-1544,diam.at@google.org,9:06 PM,590-7000 Eget Ave
Dahlia,Pearson,(756) 611-1712,diam.sed@outlook.edu,6:38 AM,"P.O. Box 602, 9637 Sit Rd."
Ira,Walsh,(338) 466-1565,quis.pede@google.couk,2:22 PM,"P.O. Box 323, 6417 Egestas, Av."
Daria,Woods,1-701-561-3712,faucibus.morbi@aol.ca,12:20 AM,"P.O. Box 753, 3516 Imperdiet Rd."
Josephine,Huffman,(341) 707-3766,viverra@yahoo.net,12:48 PM,"P.O. Box 197, 9012 Commodo Avenue"
Kylee,Serrano,1-309-875-8682,nunc@aol.net,8:50 PM,4697 Fusce Av.
Hope,Ware,(580) 753-2476,dolor@yahoo.com,2:29 AM,351-2577 Nunc Road
Alfonso,Foley,(176) 406-1482,pellentesque.ut@yahoo.org,3:19 AM,"Ap #648-3596 Sed, Rd."
Chaney,Woods,(638) 568-6438,quis.turpis@aol.org,1:14 PM,"P.O. Box 875, 3171 Praesent Av."
Miriam,Ayers,1-431-329-8524,vitae@hotmail.edu,1:17 PM,398-6083 Dui Rd.
Levi,Guzman,(833) 884-2202,duis@icloud.net,11:06 PM,"P.O. Box 128, 1154 Aenean Rd."
Sierra,Lopez,(665) 987-0463,phasellus.at.augue@hotmail.com,5:54 AM,Ap #970-326 Magna. St.
Judah,Nielsen,(461) 859-4767,sed.dui@yahoo.edu,9:42 AM,911-182 Rhoncus. Rd.
Thor,Daniels,(228) 217-6451,lobortis@aol.com,2:51 AM,Ap #212-2602 Accumsan Rd.
Chaney,Mcconnell,(120) 246-3449,enim.suspendisse@google.net,4:37 PM,"P.O. Box 861, 2243 Magna. Avenue"
Shoshana,Castro,1-592-463-7362,enim@icloud.org,12:03 PM,Ap #234-2117 Pede. Rd.
Edan,Hudson,(771) 446-6513,enim.non.nisi@outlook.ca,2:53 AM,790-5071 Pellentesque Ave
Abel,Strickland,1-443-251-9128,quam.a@yahoo.org,1:11 AM,391-6678 Nibh Street
Willa,Walton,1-514-964-1095,dui.cras@hotmail.com,1:20 PM,Ap #128-9696 Molestie Street
Arthur,Burns,(252) 227-3638,dui.nec.tempus@icloud.org,6:28 AM,3644 Dis Ave
Sylvester,Santana,(435) 878-1815,ut@yahoo.com,8:56 PM,180-1643 Libero St.
Eleanor,Blackburn,(579) 446-3242,pede.praesent.eu@yahoo.net,12:43 PM,2515 Fusce Rd.
Reese,Lopez,1-577-434-5214,quam.quis@outlook.com,3:43 PM,"2936 Amet, Street"
Kimberly,Munoz,(954) 867-7902,integer.urna@outlook.ca,9:10 AM,"P.O. Box 664, 1824 Erat. Rd."
Quail,Bray,(505) 827-6386,enim.condimentum@yahoo.edu,11:17 AM,Ap #427-3209 A Ave
Zelda,Mcclain,1-244-788-1358,et.lacinia.vitae@protonmail.ca,5:28 AM,"P.O. Box 379, 8529 Nulla Rd."
Leilani,Doyle,1-385-277-4728,fusce.mollis@google.net,12:13 PM,494-2537 Tellus Rd.
Jameson,Sweeney,(743) 316-6539,nibh.lacinia@aol.ca,6:56 PM,545-1617 Egestas Rd.
Leandra,Lott,(704) 402-2764,mauris.ut.quam@google.com,8:42 AM,Ap #195-8820 Suspendisse Street
Farrah,Miranda,1-498-449-5541,donec@aol.org,9:50 AM,7486 Curabitur St.
Quynn,Steele,(308) 558-6155,congue.elit@yahoo.net,9:04 AM,Ap #709-7855 Morbi Ave
Deacon,Velez,(947) 928-1565,vehicula.risus@icloud.couk,10:35 AM,"P.O. Box 478, 3626 A Road"
Germaine,Benson,(792) 835-8242,aliquam.nisl.nulla@icloud.com,8:35 PM,"P.O. Box 877, 3540 In Road"
April,Abbott,1-248-769-4450,auctor@hotmail.com,11:00 PM,"P.O. Box 763, 4627 Quis Avenue"
Anthony,Carpenter,(248) 940-5320,tristique.pellentesque@hotmail.net,4:47 AM,657-9297 Vitae Avenue
Garth,Perry,1-647-524-2277,fermentum@hotmail.ca,11:43 PM,Ap #580-7294 Mauris St.
Basia,Espinoza,(321) 446-8832,malesuada.fringilla.est@yahoo.net,3:47 AM,862-8060 Fames Av.
Price,Boyd,1-362-213-8712,aenean.massa@protonmail.ca,2:00 PM,761-7863 Sapien. St.
Teagan,Robertson,1-460-585-7386,pretium.neque.morbi@yahoo.couk,5:20 AM,806-1957 A Rd.
Jakeem,George,(801) 472-7218,tempor.augue@hotmail.ca,7:13 AM,Ap #748-570 Lectus Av.
Tara,Gibbs,1-573-222-7222,lacus.aliquam@protonmail.ca,10:49 PM,154-5756 A Av.
Stella,Dale,(735) 461-6450,sollicitudin@outlook.net,6:17 PM,Ap #858-4315 Dolor St.
Yuri,Hancock,1-552-870-2378,ut@hotmail.org,4:57 PM,259-2634 Sollicitudin Avenue
Colorado,Ray,(704) 473-8365,sodales@aol.net,8:57 AM,935-7092 Interdum Rd.
Wyoming,Woodard,(511) 151-2836,sed.eget@hotmail.com,5:13 AM,"972-5653 Non, Ave"
Mona,Gibson,1-451-634-3546,in.tincidunt.congue@aol.net,12:35 AM,"P.O. Box 679, 3650 Nam Avenue"
Dawn,Armstrong,(205) 515-4314,amet@hotmail.org,5:07 PM,4657 Tincidunt St.
Erica,Hood,1-456-328-2386,quam@google.net,11:26 AM,690-8728 Maecenas Rd.
Ivory,Rice,1-498-365-9550,purus.nullam.scelerisque@google.edu,11:50 AM,Ap #792-3150 Volutpat. St.
Gage,Williams,1-823-963-7162,vitae.nibh@hotmail.couk,11:25 AM,534-5474 Ornare. Avenue
Octavia,Farley,1-736-783-6846,consectetuer.mauris@hotmail.ca,7:42 PM,890-6348 Arcu Rd.
Alana,Vargas,(258) 805-5171,litora.torquent@yahoo.couk,2:14 PM,"926-5697 Nostra, St."
Ria,Hawkins,(341) 349-4583,consectetuer.adipiscing.elit@aol.edu,3:16 AM,255-188 Hendrerit Road
Rana,Walton,1-728-561-9352,gravida.sit@icloud.com,1:23 AM,"P.O. Box 103, 2221 Ullamcorper. Rd."
Eleanor,Golden,1-133-229-5768,erat.vel.pede@google.couk,2:04 AM,1637 Elementum Rd.
Elizabeth,Hill,(176) 575-1837,amet.metus.aliquam@yahoo.com,8:27 AM,Ap #755-6761 Nunc Street
Vanna,Bentley,(175) 365-7535,in.felis@protonmail.couk,4:57 AM,Ap #811-8951 Amet St.
Steel,Hutchinson,1-866-112-8578,dis.parturient.montes@protonmail.ca,3:03 AM,6071 Felis. St.
Zephr,Patterson,1-655-738-4672,quam.curabitur@protonmail.org,12:42 AM,166-5959 Metus. Rd.
Melyssa,Short,(775) 147-7641,eros@icloud.couk,12:55 AM,"306-4405 Ut, Ave"
Keely,Schultz,1-860-815-0568,quis.pede@yahoo.com,5:36 AM,395-2298 Eu Street
Stephen,Montgomery,1-784-445-6361,adipiscing.elit.aliquam@icloud.com,8:28 AM,868-7542 Molestie St.
Stacey,Barr,(764) 818-7174,aliquam.erat@aol.com,9:05 PM,Ap #732-1494 Lectus Avenue
Keegan,Carver,(929) 658-2676,mi@google.com,6:37 PM,Ap #267-7942 Integer Av.
Shaeleigh,Moody,1-248-680-5623,blandit.nam.nulla@yahoo.org,7:25 PM,506-4464 Ullamcorper St.
Chava,Sykes,1-945-784-6127,lectus.sit@protonmail.edu,3:23 AM,Ap #337-5626 Donec St.
Fleur,Fox,1-598-636-2004,quam.vel.sapien@google.net,9:39 PM,8760 Quis Road
Jennifer,Keith,(651) 325-2430,metus.aliquam@outlook.couk,10:52 AM,"559-2192 Elit, Rd."
Maxwell,Delacruz,1-417-325-0126,nulla.facilisi@protonmail.couk,8:51 PM,Ap #151-4009 Facilisi. St.
Eric,Ramirez,1-554-222-3310,euismod.in@google.org,6:01 PM,"115-7155 Vulputate, Rd."
Victor,Washington,1-333-749-4538,arcu@yahoo.couk,2:08 AM,182-7828 Malesuada Rd.
Felix,Payne,(134) 524-4667,lobortis.ultrices.vivamus@protonmail.net,9:55 PM,871-2219 Enim. Avenue
Lana,Horton,1-111-223-5150,vitae.semper@protonmail.net,2:36 AM,"5040 Et, Av."
Gabriel,Knapp,1-784-141-2855,augue.id@google.org,11:34 PM,945-2553 Dolor St.
Quintessa,Armstrong,(396) 787-6765,tellus@hotmail.couk,11:55 PM,2753 Velit Rd.
Sydney,Church,(876) 954-7886,odio@outlook.ca,4:14 AM,"5374 Vel, Ave"
Zephr,Dominguez,(883) 740-8422,donec.elementum.lorem@yahoo.com,3:38 AM,788-4419 Nec St.
Willa,Hampton,1-288-790-2223,tristique@yahoo.org,12:14 PM,Ap #446-3843 Nisi Ave
Imelda,Head,1-377-216-4228,vitae@outlook.ca,6:50 PM,4726 Cras St.
Sydnee,Rowland,1-242-582-2556,nec.cursus.a@hotmail.edu,5:37 AM,Ap #558-1028 Nascetur Av.
Abigail,Mills,(207) 853-1116,cursus.et@yahoo.ca,3:18 PM,340-3909 Sem St.
Chester,Jennings,1-773-492-6287,vitae@outlook.ca,8:32 PM,Ap #130-6758 Aliquam Avenue
Joshua,Witt,1-938-977-4624,sem.pellentesque@aol.net,2:20 PM,"Ap #393-9071 Sem, Street"
